PRAGMA foreign_keys = on;

-- Table: user

    -- Regular Users
INSERT INTO users (id_user, username, email, pw, birth_date, active, stock_manager, moderator, submission_manager, id_photo, user_description) VALUES (1, "User1", "User1@fe.up.pt", "123456789", 1998-07-31, TRUE, FALSE, FALSE, FALSE, 83, "I'm the best !");
INSERT INTO users (id_user, username, email, pw, birth_date, active, stock_manager, moderator, submission_manager, id_photo, user_description) VALUES (2, "User2", "user2@fe.up.pt", "123456789", 1994-02-11, TRUE, FALSE, FALSE, FALSE, 83, "I'm the 2nd best !");
INSERT INTO users (id_user, username, email, pw, birth_date, active, stock_manager, moderator, submission_manager, id_photo, user_description) VALUES (3, "User3", "user3@fe.up.pt", "123456789", 1997-04-15, TRUE, FALSE, FALSE, FALSE, 83, "I'm the 3rd best !");
INSERT INTO users (id_user, username, email, pw, birth_date, active, stock_manager, moderator, submission_manager, id_photo, user_description) VALUES (4, "User4", "user4@fe.up.pt", "123456789", 1998-02-11, TRUE, FALSE, FALSE, FALSE, 83, "I'm the 4th best !");
INSERT INTO users (id_user, username, email, pw, birth_date, active, stock_manager, moderator, submission_manager, id_photo, user_description) VALUES (5, "User5", "user5@fe.up.pt", "123456789", 1994-03-21, TRUE, FALSE, FALSE, FALSE, 83, "I'm the 5th best !");
INSERT INTO users (id_user, username, email, pw, birth_date, active, stock_manager, moderator, submission_manager, id_photo, user_description) VALUES (6, "User6", "user6@fe.up.pt", "123456789", 1993-12-13, TRUE, FALSE, FALSE, FALSE, 83, "I'm the 6th best !");
INSERT INTO users (id_user, username, email, pw, birth_date, active, stock_manager, moderator, submission_manager, id_photo, user_description) VALUES (7, "User7", "user7@fe.up.pt", "123456789", 1996-02-10, TRUE, FALSE, FALSE, FALSE, 83, "I'm the 7th best !");
INSERT INTO users (id_user, username, email, pw, birth_date, active, stock_manager, moderator, submission_manager, id_photo, user_description) VALUES (8, "User8", "user8@fe.up.pt", "123456789", 1999-03-31, TRUE, FALSE, FALSE, FALSE, 83, "I'm the 8th best !");
INSERT INTO users (id_user, username, email, pw, birth_date, active, stock_manager, moderator, submission_manager, id_photo, user_description) VALUES (9, "User9", "user9@fe.up.pt", "123456789", 1995-02-11, TRUE, FALSE, FALSE, FALSE, 83, "I'm the 9th best !");
INSERT INTO users (id_user, username, email, pw, birth_date, active, stock_manager, moderator, submission_manager, id_photo, user_description) VALUES (10, "User10", "user10@fe.up.pt", "123456789", 1996-03-09, TRUE, FALSE, FALSE, FALSE, 83, "I'm the 10th best !");
INSERT INTO users (id_user, username, email, pw, birth_date, active, stock_manager, moderator, submission_manager, id_photo, user_description) VALUES (11, "User11", "user11@fe.up.pt", "123456789", 1998-11-07, TRUE, FALSE, FALSE, FALSE, 83, "I'm the 11th best !");
INSERT INTO users (id_user, username, email, pw, birth_date, active, stock_manager, moderator, submission_manager, id_photo, user_description) VALUES (12, "User12", "user12@fe.up.pt", "123456789", 1997-10-01, TRUE, FALSE, FALSE, FALSE, 83, "I'm the 12th best !");
INSERT INTO users (id_user, username, email, pw, birth_date, active, stock_manager, moderator, submission_manager, id_photo, user_description) VALUES (13, "User13", "user13@fe.up.pt", "123456789", 1997-07-03, TRUE, FALSE, FALSE, FALSE, 83, "I'm the 13th best !");
INSERT INTO users (id_user, username, email, pw, birth_date, active, stock_manager, moderator, submission_manager, id_photo, user_description) VALUES (14, "User14", "user14@fe.up.pt", "123456789", 1993-08-11, TRUE, FALSE, FALSE, FALSE, 83, "I'm the 14th best !");
INSERT INTO users (id_user, username, email, pw, birth_date, active, stock_manager, moderator, submission_manager, id_photo, user_description) VALUES (15, "User15", "user15@fe.up.pt", "123456789", 1992-04-16, TRUE, FALSE, FALSE, FALSE, 83, "I'm the 15th best !");
INSERT INTO users (id_user, username, email, pw, birth_date, active, stock_manager, moderator, submission_manager, id_photo, user_description) VALUES (16, "User16", "user16@fe.up.pt", "123456789", 1998-03-22, TRUE, FALSE, FALSE, FALSE, 83, "I'm the 16th best !");
INSERT INTO users (id_user, username, email, pw, birth_date, active, stock_manager, moderator, submission_manager, id_photo, user_description) VALUES (17, "User17", "user17@fe.up.pt", "123456789", 1999-01-30, TRUE, FALSE, FALSE, FALSE, 83, "I'm the 17th best !");
INSERT INTO users (id_user, username, email, pw, birth_date, active, stock_manager, moderator, submission_manager, id_photo, user_description) VALUES (18, "User18", "user18@fe.up.pt", "123456789", 1994-09-27, TRUE, FALSE, FALSE, FALSE, 83, "I'm the 18th best !");
INSERT INTO users (id_user, username, email, pw, birth_date, active, stock_manager, moderator, submission_manager, id_photo, user_description) VALUES (19, "User19", "user19@fe.up.pt", "123456789", 1996-10-23, TRUE, FALSE, FALSE, FALSE, 83, "I'm the 19th best !");
INSERT INTO users (id_user, username, email, pw, birth_date, active, stock_manager, moderator, submission_manager, id_photo, user_description) VALUES (20, "User20", "user20@fe.up.pt", "123456789", 1994-11-22, TRUE, FALSE, FALSE, FALSE, 83, "I'm the 20th best !");
INSERT INTO users (id_user, username, email, pw, birth_date, active, stock_manager, moderator, submission_manager, id_photo, user_description) VALUES (21, "User21", "user21@fe.up.pt", "123456789", 1993-12-21, TRUE, FALSE, FALSE, FALSE, 83, "I'm the 21st best !");
INSERT INTO users (id_user, username, email, pw, birth_date, active, stock_manager, moderator, submission_manager, id_photo, user_description) VALUES (22, "User22", "user22@fe.up.pt", "123456789", 1997-01-26, TRUE, FALSE, FALSE, FALSE, 83, "I'm the 22nd best !");
INSERT INTO users (id_user, username, email, pw, birth_date, active, stock_manager, moderator, submission_manager, id_photo, user_description) VALUES (23, "User23", "user23@fe.up.pt", "123456789", 1998-02-16, TRUE, FALSE, FALSE, FALSE, 83, "I'm the 23rd best !");
INSERT INTO users (id_user, username, email, pw, birth_date, active, stock_manager, moderator, submission_manager, id_photo, user_description) VALUES (24, "User24", "user24@fe.up.pt", "123456789", 1997-03-15, TRUE, FALSE, FALSE, FALSE, 83, "I'm the 24th best !");
INSERT INTO users (id_user, username, email, pw, birth_date, active, stock_manager, moderator, submission_manager, id_photo, user_description) VALUES (25, "User25", "user25@fe.up.pt", "123456789", 1995-04-25, TRUE, FALSE, FALSE, FALSE, 83, "I'm the 25th best !");
INSERT INTO users (id_user, username, email, pw, birth_date, active, stock_manager, moderator, submission_manager, id_photo, user_description) VALUES (26, "User26", "user26@fe.up.pt", "123456789", 1998-05-22, TRUE, FALSE, FALSE, FALSE, 83, "I'm the 26th best !");
INSERT INTO users (id_user, username, email, pw, birth_date, active, stock_manager, moderator, submission_manager, id_photo, user_description) VALUES (27, "User27", "user27@fe.up.pt", "123456789", 1998-06-26, TRUE, FALSE, FALSE, FALSE, 83, "I'm the 27th best !");
INSERT INTO users (id_user, username, email, pw, birth_date, active, stock_manager, moderator, submission_manager, id_photo, user_description) VALUES (28, "User28", "user28@fe.up.pt", "123456789", 1998-07-30, TRUE, FALSE, FALSE, FALSE, 83, "I'm the 28th best !");
INSERT INTO users (id_user, username, email, pw, birth_date, active, stock_manager, moderator, submission_manager, id_photo, user_description) VALUES (29, "User29", "user29@fe.up.pt", "123456789", 1996-08-21, TRUE, FALSE, FALSE, FALSE, 83, "I'm the 29th best !");
INSERT INTO users (id_user, username, email, pw, birth_date, active, stock_manager, moderator, submission_manager, id_photo, user_description) VALUES (30, "User30", "user30@fe.up.pt", "123456789", 1999-04-12, TRUE, FALSE, FALSE, FALSE, 83, "I'm the 30th best !");
INSERT INTO users (id_user, username, email, pw, birth_date, active, stock_manager, moderator, submission_manager, id_photo, user_description) VALUES (31, "User31", "user31@fe.up.pt", "123456789", 1993-12-21, TRUE, FALSE, FALSE, FALSE, 83, "I'm the 31st best !");
INSERT INTO users (id_user, username, email, pw, birth_date, active, stock_manager, moderator, submission_manager, id_photo, user_description) VALUES (32, "User32", "user32@fe.up.pt", "123456789", 1993-01-26, TRUE, FALSE, FALSE, FALSE, 83, "I'm the 32nd best !");
INSERT INTO users (id_user, username, email, pw, birth_date, active, stock_manager, moderator, submission_manager, id_photo, user_description) VALUES (33, "User33", "user33@fe.up.pt", "123456789", 1992-02-16, TRUE, FALSE, FALSE, FALSE, 83, "I'm the 33rd best !");
INSERT INTO users (id_user, username, email, pw, birth_date, active, stock_manager, moderator, submission_manager, id_photo, user_description) VALUES (34, "User34", "user34@fe.up.pt", "123456789", 1993-03-15, TRUE, FALSE, FALSE, FALSE, 83, "I'm the 34th best !");
INSERT INTO users (id_user, username, email, pw, birth_date, active, stock_manager, moderator, submission_manager, id_photo, user_description) VALUES (35, "User35", "user35@fe.up.pt", "123456789", 1990-04-25, TRUE, FALSE, FALSE, FALSE, 83, "I'm the 35th best !");
INSERT INTO users (id_user, username, email, pw, birth_date, active, stock_manager, moderator, submission_manager, id_photo, user_description) VALUES (36, "User36", "user36@fe.up.pt", "123456789", 1991-05-22, TRUE, FALSE, FALSE, FALSE, 83, "I'm the 36th best !");
INSERT INTO users (id_user, username, email, pw, birth_date, active, stock_manager, moderator, submission_manager, id_photo, user_description) VALUES (37, "User37", "user37@fe.up.pt", "123456789", 1992-06-26, TRUE, FALSE, FALSE, FALSE, 83, "I'm the 37th best !");
INSERT INTO users (id_user, username, email, pw, birth_date, active, stock_manager, moderator, submission_manager, id_photo, user_description) VALUES (38, "User38", "user38@fe.up.pt", "123456789", 1993-07-30, TRUE, FALSE, FALSE, FALSE, 83, "I'm the 38th best !");
INSERT INTO users (id_user, username, email, pw, birth_date, active, stock_manager, moderator, submission_manager, id_photo, user_description) VALUES (39, "User39", "user39@fe.up.pt", "123456789", 1994-08-21, TRUE, FALSE, FALSE, FALSE, 83, "I'm the 39th best !");
INSERT INTO users (id_user, username, email, pw, birth_date, active, stock_manager, moderator, submission_manager, id_photo, user_description) VALUES (40, "User40", "user40@fe.up.pt", "123456789", 1995-04-12, TRUE, FALSE, FALSE, FALSE, 83, "I'm the 40th best !");
INSERT INTO users (id_user, username, email, pw, birth_date, active, stock_manager, moderator, submission_manager, id_photo, user_description) VALUES (41, "User41", "user41@fe.up.pt", "123456789", 1992-11-21, TRUE, FALSE, FALSE, FALSE, 83, "I'm the 41st best !");
INSERT INTO users (id_user, username, email, pw, birth_date, active, stock_manager, moderator, submission_manager, id_photo, user_description) VALUES (42, "User42", "user42@fe.up.pt", "123456789", 1993-11-26, TRUE, FALSE, FALSE, FALSE, 83, "I'm the 42nd best !");
INSERT INTO users (id_user, username, email, pw, birth_date, active, stock_manager, moderator, submission_manager, id_photo, user_description) VALUES (43, "User43", "user43@fe.up.pt", "123456789", 1995-03-16, TRUE, FALSE, FALSE, FALSE, 83, "I'm the 43rd best !");
INSERT INTO users (id_user, username, email, pw, birth_date, active, stock_manager, moderator, submission_manager, id_photo, user_description) VALUES (44, "User44", "user44@fe.up.pt", "123456789", 1994-02-15, TRUE, FALSE, FALSE, FALSE, 83, "I'm the 44th best !");
INSERT INTO users (id_user, username, email, pw, birth_date, active, stock_manager, moderator, submission_manager, id_photo, user_description) VALUES (45, "User45", "user45@fe.up.pt", "123456789", 1990-04-28, TRUE, FALSE, FALSE, FALSE, 83, "I'm the 45th best !");
INSERT INTO users (id_user, username, email, pw, birth_date, active, stock_manager, moderator, submission_manager, id_photo, user_description) VALUES (46, "User46", "user46@fe.up.pt", "123456789", 1991-05-12, TRUE, FALSE, FALSE, FALSE, 83, "I'm the 46th best !");
INSERT INTO users (id_user, username, email, pw, birth_date, active, stock_manager, moderator, submission_manager, id_photo, user_description) VALUES (47, "User47", "user47@fe.up.pt", "123456789", 1992-12-16, TRUE, FALSE, FALSE, FALSE, 83, "I'm the 47th best !");
INSERT INTO users (id_user, username, email, pw, birth_date, active, stock_manager, moderator, submission_manager, id_photo, user_description) VALUES (48, "User48", "user48@fe.up.pt", "123456789", 1995-07-31, TRUE, FALSE, FALSE, FALSE, 83, "I'm the 48th best !");
INSERT INTO users (id_user, username, email, pw, birth_date, active, stock_manager, moderator, submission_manager, id_photo, user_description) VALUES (49, "User49", "user49@fe.up.pt", "123456789", 1997-02-22, TRUE, FALSE, FALSE, FALSE, 83, "I'm the 49th best !");
INSERT INTO users (id_user, username, email, pw, birth_date, active, stock_manager, moderator, submission_manager, id_photo, user_description) VALUES (50, "User50", "user50@fe.up.pt", "123456789", 1999-03-05, TRUE, FALSE, FALSE, FALSE, 83, "I'm the 50th best !");

    --Stock Manager
INSERT INTO users (id_user, username, email, pw, birth_date, active, stock_manager, moderator, submission_manager, id_photo, user_description) VALUES (31, "StockManager1", "sm1@fe.up.pt", "stockmanager123456789", 1998-03-30, TRUE, TRUE, FALSE, FALSE, 83, "I'm StockManager1 !");
INSERT INTO users (id_user, username, email, pw, birth_date, active, stock_manager, moderator, submission_manager, id_photo, user_description) VALUES (32, "StockManager2", "sm2@fe.up.pt", "stockmanager123456789", 1996-04-21, TRUE, TRUE, FALSE, FALSE, 83, "I'm StockManager2 !");
INSERT INTO users (id_user, username, email, pw, birth_date, active, stock_manager, moderator, submission_manager, id_photo, user_description) VALUES (33, "StockManager3", "sm3@fe.up.pt", "stockmanager123456789", 1999-06-12, TRUE, TRUE, FALSE, FALSE, 83, "I'm StockManager3 !");

    --Moderator
INSERT INTO users (id_user, username, email, pw, birth_date, active, stock_manager, moderator, submission_manager, id_photo, user_description) VALUES (34, "Moderator1", "m1@fe.up.pt", "moderator123456789", 1995-07-30, TRUE, FALSE, TRUE, FALSE, 83, "I'm Moderator1 !");
INSERT INTO users (id_user, username, email, pw, birth_date, active, stock_manager, moderator, submission_manager, id_photo, user_description) VALUES (35, "Moderator2", "m2@fe.up.pt", "moderator123456789", 1997-08-21, TRUE, FALSE, TRUE, FALSE, 83, "I'm Moderator2 !");
INSERT INTO users (id_user, username, email, pw, birth_date, active, stock_manager, moderator, submission_manager, id_photo, user_description) VALUES (36, "Moderator3", "m3@fe.up.pt", "moderator123456789", 1993-05-12, TRUE, FALSE, TRUE, FALSE, 83, "I'm Moderator3 !");

    --Submission Manager
INSERT INTO users (id_user, username, email, pw, birth_date, active, stock_manager, moderator, submission_manager, id_photo, user_description) VALUES (37, "SubmissionManager1", "subm1@fe.up.pt", "subm123456789", 1998-04-02, TRUE, FALSE, FALSE, TRUE, 83, "I'm SubmissionManager1 !");
INSERT INTO users (id_user, username, email, pw, birth_date, active, stock_manager, moderator, submission_manager, id_photo, user_description) VALUES (38, "SubmissionManager2", "subm2@fe.up.pt", "subm123456789", 1996-08-22, TRUE, FALSE, FALSE, TRUE, 83, "I'm SubmissionManager2 !");
INSERT INTO users (id_user, username, email, pw, birth_date, active, stock_manager, moderator, submission_manager, id_photo, user_description) VALUES (39, "SubmissionManager3", "subm3@fe.up.pt", "subm123456789", 1997-01-02, TRUE, FALSE, FALSE, TRUE, 83, "I'm SubmissionManager3 !");

    --Admins
INSERT INTO users (id_user, username, email, pw, birth_date, active, stock_manager, moderator, submission_manager, id_photo, user_description) VALUES (40, "Admin1", "admin1@fe.up.pt", "admin123456789", 1998-02-02, TRUE, TRUE, TRUE, TRUE, 83, "I'm Admin1 !");
INSERT INTO users (id_user, username, email, pw, birth_date, active, stock_manager, moderator, submission_manager, id_photo, user_description) VALUES (41, "Admin2", "admin2@fe.up.pt", "admin123456789", 1994-05-12, TRUE, TRUE, TRUE, TRUE, 83, "I'm Admin2 !");
INSERT INTO users (id_user, username, email, pw, birth_date, active, stock_manager, moderator, submission_manager, id_photo, user_description) VALUES (42, "Admin3", "admin3@fe.up.pt", "admin123456789", 1997-11-22, TRUE, TRUE, TRUE, TRUE, 83, "I'm Admin3 !");
INSERT INTO users (id_user, username, email, pw, birth_date, active, stock_manager, moderator, submission_manager, id_photo, user_description) VALUES (43, "Admin4", "admin4@fe.up.pt", "admin123456789", 1998-10-30, TRUE, TRUE, TRUE, TRUE, 83, "I'm Admin4 !");


-- Table: category
INSERT INTO category (id_category, category) VALUES (1, "Apparel");
INSERT INTO category (id_category, category) VALUES (2, "Phone Cases");
INSERT INTO category (id_category, category) VALUES (3, "Stickers");
INSERT INTO category (id_category, category) VALUES (4, "Posters");
INSERT INTO category (id_category, category) VALUES (5, "Tickets");
INSERT INTO category (id_category, category) VALUES (6, "Mouse Pads");
INSERT INTO category (id_category, category) VALUES (7, "Mugs");


-- Table: product

    -- Apparel
INSERT INTO product (id_product, product_name, product_description, price, delivery_cost, stock, rating, id_category) VALUES (1, "Sudo Rm Hoodie", "Funny hoodie allusive to LINUX commands. For MIEIC students. 100% poliester.", 14.99, 2.99, 50, 0, 1);
INSERT INTO product (id_product, product_name, product_description, price, delivery_cost, stock, rating, id_category) VALUES (2, "FEUP Hoodie", "Black hoodie for FEUP students. 100% poliester.", 14.99, 2.99, 50, 0, 1);
INSERT INTO product (id_product, product_name, product_description, price, delivery_cost, stock, rating, id_category) VALUES (3, "Hard Code Hoodie", "Funny hoodie allusive to Hard Rock Caffe. For MIEIC students. 100% poliester.", 14.99, 2.99, 50, 0, 1);
INSERT INTO product (id_product, product_name, product_description, price, delivery_cost, stock, rating, id_category) VALUES (4, "StarCode Hoodie", "Funny hoodie allusive to Starbucks Caffe. For MIEIC students. 100% poliester.", 14.99, 2.99, 50, 0, 1);
INSERT INTO product (id_product, product_name, product_description, price, delivery_cost, stock, rating, id_category) VALUES (5, "MIEIC Jacket", "Black jacket for MIEIC students. 100% poliester.", 19.99, 2.99, 50, 0, 1);
INSERT INTO product (id_product, product_name, product_description, price, delivery_cost, stock, rating, id_category) VALUES (6, "Mouse Hoodie", "Hoodie with a mouse for MIEIC students. 100% poliester.", 14.99, 2.99, 50, 0, 1);
INSERT INTO product (id_product, product_name, product_description, price, delivery_cost, stock, rating, id_category) VALUES (7, "Loading Hoodie", "Funny hoodie with loading bar. For MIEIC students. 100% poliester.", 14.99, 2.99, 50, 0, 1);
INSERT INTO product (id_product, product_name, product_description, price, delivery_cost, stock, rating, id_category) VALUES (8, "Floppy Disk Hoodie", "Hoodie with a floppy disk. For MIEIC students. 100% poliester.", 14.99, 2.99, 50, 0, 1);
INSERT INTO product (id_product, product_name, product_description, price, delivery_cost, stock, rating, id_category) VALUES (9, "E HTML Jacket", "Jacket with loading and E instead the classic 5 on HTML logo. For MIEIC students. 100% poliester.", 19.99, 2.99, 50, 0, 1);
INSERT INTO product (id_product, product_name, product_description, price, delivery_cost, stock, rating, id_category) VALUES (10, "FEUP Hoodie 2", "Hoodie for FEUP students. 100% poliester.", 14.99, 2.99, 50, 0, 1);
INSERT INTO product (id_product, product_name, product_description, price, delivery_cost, stock, rating, id_category) VALUES (11, "Fernando Pessoa Hoodie", "Hoodie for MIEIC students. 100% poliester.", 14.99, 2.99, 50, 0, 1);
INSERT INTO product (id_product, product_name, product_description, price, delivery_cost, stock, rating, id_category) VALUES (12, "Programmer Hoodie", "Grey hoodie for MIEIC students. 100% poliester.", 14.99, 2.99, 50, 0, 1);
INSERT INTO product (id_product, product_name, product_description, price, delivery_cost, stock, rating, id_category) VALUES (13, "Semi Colon Hoodie", "Hoodie for MIEIC students. 100% poliester.", 14.99, 2.99, 50, 0, 1);
INSERT INTO product (id_product, product_name, product_description, price, delivery_cost, stock, rating, id_category) VALUES (14, "Author Jacket", "Jacket for MIEIC students. 100% poliester.", 19.99, 2.99, 50, 0, 1);

    --Phone Cases
INSERT INTO product (id_product, product_name, product_description, price, delivery_cost, stock, rating, id_category) VALUES (15, "MIEIC Case", "Case for MIEIC students. Water resistant.", 9.99, 1.99, 50, 0, 2);
INSERT INTO product (id_product, product_name, product_description, price, delivery_cost, stock, rating, id_category) VALUES (16, "FEUP Case", "Case for FEUP students. Water resistant.", 9.99, 1.99, 50, 0, 2);
INSERT INTO product (id_product, product_name, product_description, price, delivery_cost, stock, rating, id_category) VALUES (17, "Eat Sleep Code Repeat Case", "Case for MIEIC students. Water resistant.", 9.99, 1.99, 50, 0, 2);
INSERT INTO product (id_product, product_name, product_description, price, delivery_cost, stock, rating, id_category) VALUES (18, "Bill Gates Case", "Case for MIEIC students. Water resistant.", 9.99, 1.99, 50, 0, 2);
INSERT INTO product (id_product, product_name, product_description, price, delivery_cost, stock, rating, id_category) VALUES (19, "E HTML Case", "Case for MIEIC students. Water resistant.", 9.99, 1.99, 50, 0, 2);
INSERT INTO product (id_product, product_name, product_description, price, delivery_cost, stock, rating, id_category) VALUES (20, "MIEIC Army Case", "Case for MIEIC students. Water resistant.", 9.99, 1.99, 50, 0, 2);
INSERT INTO product (id_product, product_name, product_description, price, delivery_cost, stock, rating, id_category) VALUES (21, "MIEIC Army 2 Case", "Case for MIEIC students. Water resistant.", 9.99, 1.99, 50, 0, 2);
INSERT INTO product (id_product, product_name, product_description, price, delivery_cost, stock, rating, id_category) VALUES (22, "MIEIC Case", "Case for MIEIC students. Water resistant.", 9.99, 1.99, 50, 0, 2);
INSERT INTO product (id_product, product_name, product_description, price, delivery_cost, stock, rating, id_category) VALUES (23, "Coding Case", "Case for MIEIC students. Water resistant.", 9.99, 2.99, 50, 0, 2);
INSERT INTO product (id_product, product_name, product_description, price, delivery_cost, stock, rating, id_category) VALUES (24, "The HTML to my CSS Case", "Case for MIEIC students. Water resistant.", 9.99, 2.99, 50, 0, 2);

    --Posters
INSERT INTO product (id_product, product_name, product_description, price, delivery_cost, stock, rating, id_category) VALUES (25, "Today Poster", "A3 poster related to programmers", 9.99, 2.99, 50, 0, 4);
INSERT INTO product (id_product, product_name, product_description, price, delivery_cost, stock, rating, id_category) VALUES (26, "Anonymous1 Poster", "A3 poster related to programmers", 9.99, 2.99, 50, 0, 4);
INSERT INTO product (id_product, product_name, product_description, price, delivery_cost, stock, rating, id_category) VALUES (27, "Anonymous2 Poster", "A3 poster related to programmers", 9.99, 2.99, 50, 0, 4);
INSERT INTO product (id_product, product_name, product_description, price, delivery_cost, stock, rating, id_category) VALUES (28, "Hackerman Poster", "A3 poster related to programmers", 9.99, 2.99, 50, 0, 4);
INSERT INTO product (id_product, product_name, product_description, price, delivery_cost, stock, rating, id_category) VALUES (29, "TensionRelease Poster", "A3 poster related to programmers", 9.99, 2.99, 50, 0, 4);
INSERT INTO product (id_product, product_name, product_description, price, delivery_cost, stock, rating, id_category) VALUES (30, "In Code We Trust Poster", "A3 poster related to programmers", 9.99, 2.99, 50, 0, 4);
INSERT INTO product (id_product, product_name, product_description, price, delivery_cost, stock, rating, id_category) VALUES (31, "Keep Calm Poster", "A3 poster related to programmers", 9.99, 2.99, 50, 0, 4);
INSERT INTO product (id_product, product_name, product_description, price, delivery_cost, stock, rating, id_category) VALUES (32, "I Love Coding Poster", "A3 poster related to programmers", 9.99, 2.99, 50, 0, 4);
INSERT INTO product (id_product, product_name, product_description, price, delivery_cost, stock, rating, id_category) VALUES (33, "SETUP Poster", "A3 poster related to programmers", 9.99, 2.99, 50, 0, 4);
INSERT INTO product (id_product, product_name, product_description, price, delivery_cost, stock, rating, id_category) VALUES (34, "Eat Sleep Code Repeat Poster", "A3 poster related to programmers", 9.99, 2.99, 50, 0, 4);
INSERT INTO product (id_product, product_name, product_description, price, delivery_cost, stock, rating, id_category) VALUES (35, "Semi Colon Poster", "A3 poster related to programmers", 9.99, 2.99, 50, 0, 4);
INSERT INTO product (id_product, product_name, product_description, price, delivery_cost, stock, rating, id_category) VALUES (36, "Super Bock Poster", "A3 poster related to programmers", 9.99, 2.99, 50, 0, 4);
INSERT INTO product (id_product, product_name, product_description, price, delivery_cost, stock, rating, id_category) VALUES (37, "World Poster", "A3 poster related to programmers", 9.99, 2.99, 50, 0, 4);
INSERT INTO product (id_product, product_name, product_description, price, delivery_cost, stock, rating, id_category) VALUES (38, "MIEIC Army Poster", "A3 poster related to programmers", 9.99, 2.99, 50, 0, 4);

    --Stickers
INSERT INTO product (id_product, product_name, product_description, price, delivery_cost, stock, rating, id_category) VALUES (39, "MIEIC Sticker", "Laptop Sticker.", 2.99, 0.99, 50, 0, 3);
INSERT INTO product (id_product, product_name, product_description, price, delivery_cost, stock, rating, id_category) VALUES (40, "FEUP Sticker", "Laptop sticker.", 2.99, 0.99, 50, 0, 3);
INSERT INTO product (id_product, product_name, product_description, price, delivery_cost, stock, rating, id_category) VALUES (41, "Coffee Sticker", "Laptop Sticker.", 2.99, 0.99, 50, 0, 3);
INSERT INTO product (id_product, product_name, product_description, price, delivery_cost, stock, rating, id_category) VALUES (42, "Home Sticker", "Laptop sticker.", 2.99, 0.99, 50, 0, 3);
INSERT INTO product (id_product, product_name, product_description, price, delivery_cost, stock, rating, id_category) VALUES (43, "HTML Sticker", "Laptop Sticker.", 2.99, 0.99, 50, 0, 3);
INSERT INTO product (id_product, product_name, product_description, price, delivery_cost, stock, rating, id_category) VALUES (44, "Blackbelt Sticker", "Laptop sticker.", 2.99, 0.99, 50, 0, 3);
INSERT INTO product (id_product, product_name, product_description, price, delivery_cost, stock, rating, id_category) VALUES (45, "Nike Sticker", "Laptop sticker.", 2.99, 0.99, 50, 0, 3);
INSERT INTO product (id_product, product_name, product_description, price, delivery_cost, stock, rating, id_category) VALUES (46, "Titanic Sticker", "Laptop sticker.", 2.99, 0.99, 50, 0, 3);
INSERT INTO product (id_product, product_name, product_description, price, delivery_cost, stock, rating, id_category) VALUES (47, "False Sticker", "Laptop sticker.", 2.99, 0.99, 50, 0, 3);
INSERT INTO product (id_product, product_name, product_description, price, delivery_cost, stock, rating, id_category) VALUES (48, "Java Sticker", "Laptop sticker.", 2.99, 0.99, 50, 0, 3);
INSERT INTO product (id_product, product_name, product_description, price, delivery_cost, stock, rating, id_category) VALUES (49, "Combo Stickers", "Laptop stickers.", 14.99, 0.99, 50, 0, 3);


    --Tickets
INSERT INTO product (id_product, product_name, product_description, price, delivery_cost, stock, rating, id_category) VALUES (50, "HTML Ticket", "Ticket for workshop to learn to code in HTML.", 1.99, 0.99, 50, 0, 5);
INSERT INTO product (id_product, product_name, product_description, price, delivery_cost, stock, rating, id_category) VALUES (51, "CSS Ticket", "Ticket for workshop to learn to code in  CSS.", 0.99, 0.99, 50, 0, 5);
INSERT INTO product (id_product, product_name, product_description, price, delivery_cost, stock, rating, id_category) VALUES (52, "Java Ticket", "Ticket for workshop to learn to code in JAVA.", 4.99, 0.99, 50, 0, 5);
INSERT INTO product (id_product, product_name, product_description, price, delivery_cost, stock, rating, id_category) VALUES (53, "C/C++ Ticket", "Ticket for workshop to learn to code in C/C++.", 4.99, 0.99, 50, 0, 5);
INSERT INTO product (id_product, product_name, product_description, price, delivery_cost, stock, rating, id_category) VALUES (54, "Python Ticket", "Ticket for workshop to learn to code in Python.", 1.99, 0.99, 50, 0, 5);
INSERT INTO product (id_product, product_name, product_description, price, delivery_cost, stock, rating, id_category) VALUES (55, "SQL Ticket", "Ticket for workshop to learn to code in SQL.", 1.99, 0.99, 50, 0, 5);
INSERT INTO product (id_product, product_name, product_description, price, delivery_cost, stock, rating, id_category) VALUES (56, "Dr.Scheme Ticket", "Ticket for workshop to learn to code in Dr.Scheme.", 0.00, 0.99, 50, 0, 5);
INSERT INTO product (id_product, product_name, product_description, price, delivery_cost, stock, rating, id_category) VALUES (57, "Google Talks", "Ticket for lecture with Google engineer.", 9.99, 0.99, 50, 0, 5);
INSERT INTO product (id_product, product_name, product_description, price, delivery_cost, stock, rating, id_category) VALUES (58, "PPIN Talks", "Ticket for lecture to learn about personal and interpersonal proficiency.", 0.00, 0.99, 50, 0, 5);
INSERT INTO product (id_product, product_name, product_description, price, delivery_cost, stock, rating, id_category) VALUES (59, "PHP Ticket", "Ticket for workshop to learn to code in PHP", 1.99, 0.99, 50, 0, 5);
    --Mouse Pads
INSERT INTO product (id_product, product_name, product_description, price, delivery_cost, stock, rating, id_category) VALUES (60, "MIEIC Mouse Pad", "Mouse pad for MIEIC students.", 9.99, 1.99, 50, 0, 6);
INSERT INTO product (id_product, product_name, product_description, price, delivery_cost, stock, rating, id_category) VALUES (61, "FEUP Mouse Pad", "Mouse pad for FEUP students", 9.99, 1.99, 50, 0, 6);
INSERT INTO product (id_product, product_name, product_description, price, delivery_cost, stock, rating, id_category) VALUES (62, "Go Away I'm Coding Mouse Pad", "Funny mouse pad. For programmers.", 9.99, 1.99, 50, 0, 6);
INSERT INTO product (id_product, product_name, product_description, price, delivery_cost, stock, rating, id_category) VALUES (63, "Errors Mouse Pad", "Funny mouse pad. For programmers.", 9.99, 1.99, 50, 0, 6);
INSERT INTO product (id_product, product_name, product_description, price, delivery_cost, stock, rating, id_category) VALUES (64, "Breaking Bad Mouse Pad", "Funny mouse pad. For programmers.", 9.99, 1.99, 50, 0, 6);
INSERT INTO product (id_product, product_name, product_description, price, delivery_cost, stock, rating, id_category) VALUES (65, "Eat Sleep Code Mouse Pad", "Funny mouse pad. For programmers.", 9.99, 1.99, 50, 0, 6);
INSERT INTO product (id_product, product_name, product_description, price, delivery_cost, stock, rating, id_category) VALUES (66, "Not A Bug Mouse Pad", "Funny mouse pad. For programmers.", 9.99, 1.99, 50, 0, 6);
INSERT INTO product (id_product, product_name, product_description, price, delivery_cost, stock, rating, id_category) VALUES (67, "Not A Robot Mouse Pad", "Funny mouse pad. For programmers.", 9.99, 1.99, 50, 0, 6);
INSERT INTO product (id_product, product_name, product_description, price, delivery_cost, stock, rating, id_category) VALUES (68, "Ninja Mouse Pad", "Funny mouse pad. For programmers.", 9.99, 1.99, 50, 0, 6);
INSERT INTO product (id_product, product_name, product_description, price, delivery_cost, stock, rating, id_category) VALUES (69, "Trust Me Mouse Pad", "Funny mouse pad. For programmers.", 9.99, 1.99, 50, 0, 6);
INSERT INTO product (id_product, product_name, product_description, price, delivery_cost, stock, rating, id_category) VALUES (70, "Best Programmer Ever Mouse Pad", "Funny mouse pad. For programmers.", 9.99, 1.99, 50, 0, 6);

    --Mugs
INSERT INTO product (id_product, product_name, product_description, price, delivery_cost, stock, rating, id_category) VALUES (71, "MIEIC Mug", "Mug for MIEIC students.", 9.99, 1.99, 50, 0, 7);
INSERT INTO product (id_product, product_name, product_description, price, delivery_cost, stock, rating, id_category) VALUES (72, "FEUP Mug", "Mug for FEUP students.", 9.99, 1.99, 50, 0, 7);
INSERT INTO product (id_product, product_name, product_description, price, delivery_cost, stock, rating, id_category) VALUES (73, "I'm A Programmer Mug", "Funny mug. For programmers.", 9.99, 1.99, 50, 0, 7);
INSERT INTO product (id_product, product_name, product_description, price, delivery_cost, stock, rating, id_category) VALUES (74, "CSS Mug", "Funny mug. For programmers.", 9.99, 1.99, 50, 0, 7);
INSERT INTO product (id_product, product_name, product_description, price, delivery_cost, stock, rating, id_category) VALUES (75, "Debug Mug", "Funny mug. For programmers.", 9.99, 1.99, 50, 0, 7);
INSERT INTO product (id_product, product_name, product_description, price, delivery_cost, stock, rating, id_category) VALUES (76, "Why Mug", "Funny mug. For programmers.", 9.99, 1.99, 50, 0, 7);
INSERT INTO product (id_product, product_name, product_description, price, delivery_cost, stock, rating, id_category) VALUES (77, "Gamer Mug", "Funny mug. For programmers.", 9.99, 1.99, 50, 0, 7);
INSERT INTO product (id_product, product_name, product_description, price, delivery_cost, stock, rating, id_category) VALUES (78, "Offline Mug", "Funny mug. For programmers.", 9.99, 1.99, 50, 0, 7);
INSERT INTO product (id_product, product_name, product_description, price, delivery_cost, stock, rating, id_category) VALUES (79, "Break Mug", "Funny mug. For programmers.", 9.99, 1.99, 50, 0, 7);
INSERT INTO product (id_product, product_name, product_description, price, delivery_cost, stock, rating, id_category) VALUES (80, "Coffee Mug", "Funny mug. For programmers.", 9.99, 1.99, 50, 0, 7);
INSERT INTO product (id_product, product_name, product_description, price, delivery_cost, stock, rating, id_category) VALUES (81, "Errors Mug", "Funny mug. For programmers.", 9.99, 1.99, 50, 0, 7);
INSERT INTO product (id_product, product_name, product_description, price, delivery_cost, stock, rating, id_category) VALUES (82, "Sleep Mug", "Funny mug. For programmers.", 9.99, 1.99, 50, 0, 7);
INSERT INTO product (id_product, product_name, product_description, price, delivery_cost, stock, rating, id_category) VALUES (83, "Go Away Mug", "Funny mug. For programmers.", 9.99, 1.99, 50, 0, 7);


-- Table: photo
    --Apparel
INSERT INTO photo (id_photo, image_path, id_product) VALUES (1, "~/html/resources/images/apparel/hoodie_sudo_rm.jpg", 1);
INSERT INTO photo (id_photo, image_path, id_product) VALUES (2, "~/html/resources/images/apparel/hoodie_sudo_rm_single.jpg", 1);
INSERT INTO photo (id_photo, image_path, id_product) VALUES (3, "~/html/resources/images/apparel/hoodie_1.jpg", 2);
INSERT INTO photo (id_photo, image_path, id_product) VALUES (4, "~/html/resources/images/apparel/hoodie_1_single.jpg", 2);
INSERT INTO photo (id_photo, image_path, id_product) VALUES (5, "~/html/resources/images/apparel/hoodie_1_red.jpg", 3);
INSERT INTO photo (id_photo, image_path, id_product) VALUES (6, "~/html/resources/images/apparel/hoodie_1_red_single.jpg", 3);
INSERT INTO photo (id_photo, image_path, id_product) VALUES (7, "~/html/resources/images/apparel/hoodie_2.jpg", 4);
INSERT INTO photo (id_photo, image_path, id_product) VALUES (8, "~/html/resources/images/apparel/hoodie_2_single.jpg", 4);
INSERT INTO photo (id_photo, image_path, id_product) VALUES (9, "~/html/resources/images/apparel/hoodie_2_smiley.jpg", 5);
INSERT INTO photo (id_photo, image_path, id_product) VALUES (10, "~/html/resources/images/apparel/hoodie_2_smiley_single.jpg", 5);
INSERT INTO photo (id_photo, image_path, id_product) VALUES (11, "~/html/resources/images/apparel/hoodie_3.jpg", 6);
INSERT INTO photo (id_photo, image_path, id_product) VALUES (12, "~/html/resources/images/apparel/hoodie_3_single.jpg", 6);
INSERT INTO photo (id_photo, image_path, id_product) VALUES (13, "~/html/resources/images/apparel/hoodie_5.jpg", 7);
INSERT INTO photo (id_photo, image_path, id_product) VALUES (14, "~/html/resources/images/apparel/hoodie_6.jpg", 8);
INSERT INTO photo (id_photo, image_path, id_product) VALUES (15, "~/html/resources/images/apparel/hoodie_10.jpg", 9);
INSERT INTO photo (id_photo, image_path, id_product) VALUES (16, "~/html/resources/images/apparel/hoodie_example.jpg", 10);
INSERT INTO photo (id_photo, image_path, id_product) VALUES (17, "~/html/resources/images/apparel/nando.jpg", 11);
INSERT INTO photo (id_photo, image_path, id_product) VALUES (18, "~/html/resources/images/apparel/programmer.jpg", 12);
INSERT INTO photo (id_photo, image_path, id_product) VALUES (19, "~/html/resources/images/apparel/programmer2.jpg", 13);
INSERT INTO photo (id_photo, image_path, id_product) VALUES (20, "~/html/resources/images/apparel/author_jacket.jpg", 14);

    --Cases
INSERT INTO photo (id_photo, image_path, id_product) VALUES (21, "~/html/resources/images/cases/case_example.jpg", 15);
INSERT INTO photo (id_photo, image_path, id_product) VALUES (22, "~/html/resources/images/cases/case_example.jpg", 16);
INSERT INTO photo (id_photo, image_path, id_product) VALUES (23, "~/html/resources/images/cases/case_example.jpg", 17);
INSERT INTO photo (id_photo, image_path, id_product) VALUES (24, "~/html/resources/images/cases/case_example.jpg", 18);
INSERT INTO photo (id_photo, image_path, id_product) VALUES (25, "~/html/resources/images/cases/case_example.jpg", 19);
INSERT INTO photo (id_photo, image_path, id_product) VALUES (26, "~/html/resources/images/cases/case_example.jpg", 20);
INSERT INTO photo (id_photo, image_path, id_product) VALUES (27, "~/html/resources/images/cases/case_example.jpg", 21);
INSERT INTO photo (id_photo, image_path, id_product) VALUES (28, "~/html/resources/images/cases/case_example.jpg", 22);
INSERT INTO photo (id_photo, image_path, id_product) VALUES (29, "~/html/resources/images/cases/case_example.jpg", 23);
INSERT INTO photo (id_photo, image_path, id_product) VALUES (30, "~/html/resources/images/cases/case_example.jpg", 24);

    --Posters
INSERT INTO photo (id_photo, image_path, id_product) VALUES (31, "~/html/resources/images/posters/today.jpg", 25);
INSERT INTO photo (id_photo, image_path, id_product) VALUES (32, "~/html/resources/images/posters/anonymous1.jpg", 26;
INSERT INTO photo (id_photo, image_path, id_product) VALUES (33, "~/html/resources/images/posters/anonymous2.jpg", 27);
INSERT INTO photo (id_photo, image_path, id_product) VALUES (34, "~/html/resources/images/posters/hackerman.jpg", 28);
INSERT INTO photo (id_photo, image_path, id_product) VALUES (35, "~/html/resources/images/posters/release.jpg", 29);
INSERT INTO photo (id_photo, image_path, id_product) VALUES (36, "~/html/resources/images/posters/in code.jpg", 30);
INSERT INTO photo (id_photo, image_path, id_product) VALUES (37, "~/html/resources/images/posters/keep calm.jpg", 31);
INSERT INTO photo (id_photo, image_path, id_product) VALUES (38, "~/html/resources/images/posters/lovecoding.jpg", 32);
INSERT INTO photo (id_photo, image_path, id_product) VALUES (39, "~/html/resources/images/posters/SETUP.jpg", 33);
INSERT INTO photo (id_photo, image_path, id_product) VALUES (40, "~/html/resources/images/posters/eat.jpg", 34);
INSERT INTO photo (id_photo, image_path, id_product) VALUES (41, "~/html/resources/images/posters/semi.jpg", 35);
INSERT INTO photo (id_photo, image_path, id_product) VALUES (42, "~/html/resources/images/posters/super.jpg", 36);
INSERT INTO photo (id_photo, image_path, id_product) VALUES (43, "~/html/resources/images/posters/world.jpg", 37);
INSERT INTO photo (id_photo, image_path, id_product) VALUES (44, "~/html/resources/images/posters/war_poster.jpg", 38);

    --Stickers
INSERT INTO photo (id_photo, image_path, id_product) VALUES (45, "~/html/resources/images/stickers/feup.jpg", 39);
INSERT INTO photo (id_photo, image_path, id_product) VALUES (46, "~/html/resources/images/stickers/feup.jpg", 40);
INSERT INTO photo (id_photo, image_path, id_product) VALUES (47, "~/html/resources/images/stickers/coffee.jpg", 41);
INSERT INTO photo (id_photo, image_path, id_product) VALUES (48, "~/html/resources/images/stickers/home.png", 42);
INSERT INTO photo (id_photo, image_path, id_product) VALUES (49, "~/html/resources/images/stickers/html.jpg", 43);
INSERT INTO photo (id_photo, image_path, id_product) VALUES (50, "~/html/resources/images/stickers/blackbelt.jpg", 44);
INSERT INTO photo (id_photo, image_path, id_product) VALUES (51, "~/html/resources/images/stickers/nike.jpg", 45);
INSERT INTO photo (id_photo, image_path, id_product) VALUES (52, "~/html/resources/images/stickers/titanic.jpg", 46);
INSERT INTO photo (id_photo, image_path, id_product) VALUES (53, "~/html/resources/images/stickers/true.jpg", 47);
INSERT INTO photo (id_photo, image_path, id_product) VALUES (54, "~/html/resources/images/stickers/java.png", 48);
INSERT INTO photo (id_photo, image_path, id_product) VALUES (55, "~/html/resources/images/stickers/stickers.jpg", 49);

    --Tickets
INSERT INTO photo (id_photo, image_path, id_product) VALUES (56, "~/html/resources/images/tickets/ticket.jpg", 50);
INSERT INTO photo (id_photo, image_path, id_product) VALUES (57, "~/html/resources/images/tickets/ticket.jpg", 51);
INSERT INTO photo (id_photo, image_path, id_product) VALUES (58, "~/html/resources/images/tickets/ticket.jpg", 52);
INSERT INTO photo (id_photo, image_path, id_product) VALUES (59, "~/html/resources/images/tickets/ticket.png", 53);
INSERT INTO photo (id_photo, image_path, id_product) VALUES (60, "~/html/resources/images/tickets/ticket.jpg", 54);
INSERT INTO photo (id_photo, image_path, id_product) VALUES (61, "~/html/resources/images/tickets/ticket.jpg", 55);
INSERT INTO photo (id_photo, image_path, id_product) VALUES (62, "~/html/resources/images/tickets/ticket.jpg", 56);
INSERT INTO photo (id_photo, image_path, id_product) VALUES (63, "~/html/resources/images/tickets/ticket.jpg", 57);
INSERT INTO photo (id_photo, image_path, id_product) VALUES (64, "~/html/resources/images/tickets/ticket.png", 58);
INSERT INTO photo (id_photo, image_path, id_product) VALUES (65, "~/html/resources/images/tickets/ticket.jpg", 59);
    --Mouse Pads
INSERT INTO photo (id_photo, image_path, id_product) VALUES (66, "~/html/resources/images/mousepads/feup.jpg", 60);
INSERT INTO photo (id_photo, image_path, id_product) VALUES (67, "~/html/resources/images/mousepads/feup.jpg", 61);
INSERT INTO photo (id_photo, image_path, id_product) VALUES (68, "~/html/resources/images/mousepads/goAway.png", 62);
INSERT INTO photo (id_photo, image_path, id_product) VALUES (69, "~/html/resources/images/mousepads/more.jpg", 63);
INSERT INTO photo (id_photo, image_path, id_product) VALUES (70, "~/html/resources/images/mousepads/breaking.jpg", 64);
INSERT INTO photo (id_photo, image_path, id_product) VALUES (71, "~/html/resources/images/mousepads/eat.jpg", 65);
INSERT INTO photo (id_photo, image_path, id_product) VALUES (72, "~/html/resources/images/mousepads/feature.jpg", 66);
INSERT INTO photo (id_photo, image_path, id_product) VALUES (73, "~/html/resources/images/mousepads/robot.jpg", 67);
INSERT INTO photo (id_photo, image_path, id_product) VALUES (74, "~/html/resources/images/mousepads/ninja.jpg", 68);
INSERT INTO photo (id_photo, image_path, id_product) VALUES (75, "~/html/resources/images/mousepads/trust me.jpeg", 69);
INSERT INTO photo (id_photo, image_path, id_product) VALUES (76, "~/html/resources/images/mousepads/bestever.jpg", 70);

    --Mugs
INSERT INTO photo (id_photo, image_path, id_product) VALUES (77, "~/html/resources/images/mugs/feup.jpg", 71);
INSERT INTO photo (id_photo, image_path, id_product) VALUES (78, "~/html/resources/images/mugs/feup.jpg", 72);
INSERT INTO photo (id_photo, image_path, id_product) VALUES (79, "~/html/resources/images/mugs/programmer.jpg", 73);
INSERT INTO photo (id_photo, image_path, id_product) VALUES (80, "~/html/resources/images/mugs/css.jpg", 74);
INSERT INTO photo (id_photo, image_path, id_product) VALUES (81, "~/html/resources/images/mugs/debug.jpg", 75);
INSERT INTO photo (id_photo, image_path, id_product) VALUES (82, "~/html/resources/images/mugs/why.jpg", 76);
INSERT INTO photo (id_photo, image_path, id_product) VALUES (83, "~/html/resources/images/mugs/gamer.jpg", 77);
INSERT INTO photo (id_photo, image_path, id_product) VALUES (84, "~/html/resources/images/mugs/offline.jpg", 78);
INSERT INTO photo (id_photo, image_path, id_product) VALUES (85, "~/html/resources/images/mugs/break.jpg", 79);
INSERT INTO photo (id_photo, image_path, id_product) VALUES (86, "~/html/resources/images/mugs/coffee.jpg", 80);
INSERT INTO photo (id_photo, image_path, id_product) VALUES (87, "~/html/resources/images/mugs/errors.jpg", 81);
INSERT INTO photo (id_photo, image_path, id_product) VALUES (88, "~/html/resources/images/mugs/sleep.jpg", 82);
INSERT INTO photo (id_photo, image_path, id_product) VALUES (89, "~/html/resources/images/mugs/goaway.png", 83);

    --Users
INSERT INTO photo (id_photo, image_path, id_product) VALUES (89, "~/html/resources/images/users/random-profile.jpg", 83);



-- Table: faq
INSERT INTO faq (id_question, question, answer) VALUES (1, "Question 1: How can I buy a product ?", "  To buy a product, you need to click 'Products' in the navigation bar to show the products dropdown.
  There, you can choose the type of the product that you want. You can also search for a product in the
  search bar of the navigation bar. When you get to one of this pages, you can choose one of the products.
  In that specific product page, you can buy the item immediately or you can add it to your cart and buy
  it later. Both of these actions can be accomplished through two buttons present on that page.");

INSERT INTO faq (id_question, question, answer) VALUES (2, "Question 2: How can I create an account ?", "To create an account, you need to press the User icon in the navigation bar, followed by the option Sign-up
in the dropdown that appeared.");


INSERT INTO faq (id_question, question, answer) VALUES (3, "Question 3: How can I add a product to my wishlist ?", "To add a product to your wishlist, you have to be logged in. In the product's page you should press the button
'Add to wishlist'.");

INSERT INTO faq (id_question, question, answer) VALUES (4, "Question 4: How can I create a design ?", "If you want to submit your own design, you have to be logged int and then press the 'Submit your design'
button on the navigation bar. There you have to fill the various fields regarding your desing and then submit it.");

INSERT INTO faq (id_question, question, answer) VALUES (5, "Question 5: How can I vote on a desing ?","To vote on a design, you have to log in and then click on the 'Upcomig' button on the navigation bar.
There you have several polls of designs made by other users. To vote on a design, you should press the heart
button that appears on the product that you put the cursor on. Your vote is registed when that button gains
color.");

-- Table: size
INSERT INTO size (id_size, size) VALUES (1, "Extra-Small");
INSERT INTO size (id_size, size) VALUES (2, "Small");
INSERT INTO size (id_size, size) VALUES (3, "Medium");
INSERT INTO size (id_size, size) VALUES (4, "Large");
INSERT INTO size (id_size, size) VALUES (5, "Extra-Large");


-- Table: color
INSERT INTO color (id_color, color) VALUES (1, "Black");
INSERT INTO color (id_color, color) VALUES (2, "Grey");
INSERT INTO color (id_color, color) VALUES (3, "White");
INSERT INTO color (id_color, color) VALUES (4, "Red");

-- Table: wishlist
INSERT INTO wishlist (id_user,  id_product) VALUES (1, 1);
INSERT INTO wishlist (id_user,  id_product) VALUES (1, 3);
INSERT INTO wishlist (id_user,  id_product) VALUES (1, 13);
INSERT INTO wishlist (id_user,  id_product) VALUES (2, 50);
INSERT INTO wishlist (id_user,  id_product) VALUES (10, 32);
INSERT INTO wishlist (id_user,  id_product) VALUES (10, 31);
INSERT INTO wishlist (id_user,  id_product) VALUES (10, 2);
INSERT INTO wishlist (id_user,  id_product) VALUES (10, 1);
INSERT INTO wishlist (id_user,  id_product) VALUES (11, 1);
INSERT INTO wishlist (id_user,  id_product) VALUES (13, 40);
INSERT INTO wishlist (id_user,  id_product) VALUES (14, 64);
INSERT INTO wishlist (id_user,  id_product) VALUES (14, 74);
INSERT INTO wishlist (id_user,  id_product) VALUES (15, 48);
INSERT INTO wishlist (id_user,  id_product) VALUES (22, 13);
INSERT INTO wishlist (id_user,  id_product) VALUES (22, 14);
INSERT INTO wishlist (id_user,  id_product) VALUES (22, 15);
INSERT INTO wishlist (id_user,  id_product) VALUES (30, 77);
INSERT INTO wishlist (id_user,  id_product) VALUES (31, 75);
INSERT INTO wishlist (id_user,  id_product) VALUES (33, 47);
INSERT INTO wishlist (id_user,  id_product) VALUES (33, 15);
INSERT INTO wishlist (id_user,  id_product) VALUES (37, 5);
INSERT INTO wishlist (id_user,  id_product) VALUES (37, 9);
INSERT INTO wishlist (id_user,  id_product) VALUES (40, 4);
INSERT INTO wishlist (id_user,  id_product) VALUES (40, 3);
INSERT INTO wishlist (id_user,  id_product) VALUES (40, 1);
INSERT INTO wishlist (id_user,  id_product) VALUES (40, 80);
INSERT INTO wishlist (id_user,  id_product) VALUES (40, 86);
INSERT INTO wishlist (id_user,  id_product) VALUES (42, 33);
INSERT INTO wishlist (id_user,  id_product) VALUES (42, 72);
INSERT INTO wishlist (id_user,  id_product) VALUES (43, 60);
INSERT INTO wishlist (id_user,  id_product) VALUES (43, 40);
INSERT INTO wishlist (id_user,  id_product) VALUES (43, 10);

-- Table: cart
INSERT INTO cart (id_user, id_product, id_color, id_size, quantity) VALUES (1, 1, 1, 1, 1);
INSERT INTO cart (id_user, id_product, id_color, id_size, quantity) VALUES (1, 2, 2, 2, 2);
INSERT INTO cart (id_user, id_product, id_color, id_size, quantity) VALUES (1, 33, 6, 6, 6);
INSERT INTO cart (id_user, id_product, id_color, id_size, quantity) VALUES (2, 30, 1, 1, 1);
INSERT INTO cart (id_user, id_product, id_color, id_size, quantity) VALUES (4, 40, 4, 1, 1);
INSERT INTO cart (id_user, id_product, id_color, id_size, quantity) VALUES (7, 64, 1, 1, 1);
INSERT INTO cart (id_user, id_product, id_color, id_size, quantity) VALUES (28, 74, 1, 1, 1);
INSERT INTO cart (id_user, id_product, id_color, id_size, quantity) VALUES (26, 48, 1, 1, 1);
INSERT INTO cart (id_user, id_product, id_color, id_size, quantity) VALUES (26, 13, 1, 1, 1);
INSERT INTO cart (id_user, id_product, id_color, id_size, quantity) VALUES (1, 14, 3, 5, 2);
INSERT INTO cart (id_user, id_product, id_color, id_size, quantity) VALUES (40, 15, 1, 1, 1);
INSERT INTO cart (id_user, id_product, id_color, id_size, quantity) VALUES (34, 77, 4, 3, 1);
INSERT INTO cart (id_user, id_product, id_color, id_size, quantity) VALUES (24, 75, 1, 3, 1);
INSERT INTO cart (id_user, id_product, id_color, id_size, quantity) VALUES (28, 47, 2, 2, 2);
INSERT INTO cart (id_user, id_product, id_color, id_size, quantity) VALUES (13, 15, 1, 1, 1);
INSERT INTO cart (id_user, id_product, id_color, id_size, quantity) VALUES (14, 1, 1, 4, 1);
INSERT INTO cart (id_user, id_product, id_color, id_size, quantity) VALUES (15, 13, 2, 3, 1);
INSERT INTO cart (id_user, id_product, id_color, id_size, quantity) VALUES (37, 1, 2, 3, 3);
INSERT INTO cart (id_user, id_product, id_color, id_size, quantity) VALUES (35, 12, 1, 1, 1);
INSERT INTO cart (id_user, id_product, id_color, id_size, quantity) VALUES (7, 1, 1, 1, 1);
INSERT INTO cart (id_user, id_product, id_color, id_size, quantity) VALUES (5, 31, 1, 1, 1);
INSERT INTO cart (id_user, id_product, id_color, id_size, quantity) VALUES (2, 36, 2, 1, 1);
INSERT INTO cart (id_user, id_product, id_color, id_size, quantity) VALUES (4, 42, 1, 1, 1);
INSERT INTO cart (id_user, id_product, id_color, id_size, quantity) VALUES (12, 50, 3, 3, 1);
INSERT INTO cart (id_user, id_product, id_color, id_size, quantity) VALUES (77, 54, 3, 1, 1);
INSERT INTO cart (id_user, id_product, id_color, id_size, quantity) VALUES (33, 55, 4, 3, 1);
INSERT INTO cart (id_user, id_product, id_color, id_size, quantity) VALUES (32, 1, 1, 1, 1);
INSERT INTO cart (id_user, id_product, id_color, id_size, quantity) VALUES (33, 1, 2, 1, 1);
INSERT INTO cart (id_user, id_product, id_color, id_size, quantity) VALUES (14, 22, 1, 1, 1);
INSERT INTO cart (id_user, id_product, id_color, id_size, quantity) VALUES (15, 1, 2, 4, 1);
INSERT INTO cart (id_user, id_product, id_color, id_size, quantity) VALUES (14, 22, 1, 5, 1);
INSERT INTO cart (id_user, id_product, id_color, id_size, quantity) VALUES (7, 1, 1, 1, 2);
INSERT INTO cart (id_user, id_product, id_color, id_size, quantity) VALUES (3, 1, 1, 1, 1);

-- Table: city
INSERT INTO city (id_city, city) VALUES (1, "Viseu");
INSERT INTO city (id_city, city) VALUES (2, "Porto");
INSERT INTO city (id_city, city) VALUES (3, "Aveiro");
INSERT INTO city (id_city, city) VALUES (4, "Lisboa");
INSERT INTO city (id_city, city) VALUES (5, "Samil");
INSERT INTO city (id_city, city) VALUES (6, "Santarem");
INSERT INTO city (id_city, city) VALUES (7, "Braga");
INSERT INTO city (id_city, city) VALUES (8, "Ranhados");
INSERT INTO city (id_city, city) VALUES (9, "Faro");
INSERT INTO city (id_city, city) VALUES (10, "Fatima");
INSERT INTO city (id_city, city) VALUES (11, "Viana do Castelo");

-- Table: delivery_info
INSERT INTO delivery_info (id_delivery_info, id_city, contact, address) VALUES (1, 1, "967112935", "Rua de Viseu, lote 1");
INSERT INTO delivery_info (id_delivery_info, id_city, contact, address) VALUES (2, 2, "922376127", "Rua de Paranhos, 276");
INSERT INTO delivery_info (id_delivery_info, id_city, contact, address) VALUES (3, 2, "922322271", "Quinta do Jose, 3, 2D");
INSERT INTO delivery_info (id_delivery_info, id_city, contact, address) VALUES (4, 2, "962111127", "Rua dos Santos, 17");
INSERT INTO delivery_info (id_delivery_info, id_city, contact, address) VALUES (5, 4, "965374811", "Rua das Garrafas, 11, 3 direito");
INSERT INTO delivery_info (id_delivery_info, id_city, contact, address) VALUES (6, 4, "966653748", "Rua de Lisboa, 1");
INSERT INTO delivery_info (id_delivery_info, id_city, contact, address) VALUES (7, 3, "922234522", "Rua em Aveiro, lote 77, Aveiro");
INSERT INTO delivery_info (id_delivery_info, id_city, contact, address) VALUES (8, 5, "914646463", "Rua do Tomas, lote 69");
INSERT INTO delivery_info (id_delivery_info, id_city, contact, address) VALUES (9, 7, "911113242", "Rua tres, lote 3");
INSERT INTO delivery_info (id_delivery_info, id_city, contact, address) VALUES (10, 8, "966969696", "Quinta dos tomilhos, lt 12, 2o direto");
INSERT INTO delivery_info (id_delivery_info, id_city, contact, address) VALUES (11, 2, "926969696", "Avenida da Liberdade, lt 150");
INSERT INTO delivery_info (id_delivery_info, id_city, contact, address) VALUES (12, 2, "969696773", "Rua Joao Pedro, 111");
INSERT INTO delivery_info (id_delivery_info, id_city, contact, address) VALUES (13, 1, "962222222", "Urbanizacao Ze Chilo, lote 35, 2 direito");

-- Table: purchase
INSERT INTO purchase (id_purchase, id_user, id_deli_info, purchase_date, total, status) VALUES (1, 1, 1, "YYYY-MM-DD HH:MI:SS", 1, 1);
INSERT INTO purchase (id_purchase, id_user, id_deli_info, purchase_date, total, status) VALUES (2, 2, 2, "YYYY-MM-DD HH:MI:SS", 1, 1);
INSERT INTO purchase (id_purchase, id_user, id_deli_info, purchase_date, total, status) VALUES (3, 10, 3, "YYYY-MM-DD HH:MI:SS", 1, 1);
INSERT INTO purchase (id_purchase, id_user, id_deli_info, purchase_date, total, status) VALUES (4, 22, 4, "YYYY-MM-DD HH:MI:SS", 1, 1);
INSERT INTO purchase (id_purchase, id_user, id_deli_info, purchase_date, total, status) VALUES (5, 22, 4, 1, 1, 1);
INSERT INTO purchase (id_purchase, id_user, id_deli_info, purchase_date, total, status) VALUES (6, 33, 6, 1, 1, 1);
INSERT INTO purchase (id_purchase, id_user, id_deli_info, purchase_date, total, status) VALUES (7, 36, 7, 1, 1, 1);
INSERT INTO purchase (id_purchase, id_user, id_deli_info, purchase_date, total, status) VALUES (8, 37, 8, 1, 1, 1);
INSERT INTO purchase (id_purchase, id_user, id_deli_info, purchase_date, total, status) VALUES (9, 5, 9, 1, 1, 1);
INSERT INTO purchase (id_purchase, id_user, id_deli_info, purchase_date, total, status) VALUES (10, 6, 10, 1, 1, 1);
INSERT INTO purchase (id_purchase, id_user, id_deli_info, purchase_date, total, status) VALUES (11, 8, 11, 1, 1, 1);
INSERT INTO purchase (id_purchase, id_user, id_deli_info, purchase_date, total, status) VALUES (12, 10, 3, 1, 1, 1);
INSERT INTO purchase (id_purchase, id_user, id_deli_info, purchase_date, total, status) VALUES (13, 31, 12, 1, 1, 1);
INSERT INTO purchase (id_purchase, id_user, id_deli_info, purchase_date, total, status) VALUES (13, 1, 1, 1, 1, 1);
